Day,WL
Day3,20.58336449
DAY15,18.09864616
DAY19,17.46429443
DAY21,17.410923
DAY24,18.17469215
